Nom,Mail,Ville,Parti_Politique,Site_Internet
M. Damien Abad,Damien.Abad@assemblee-nationale.fr,Ain,Renaissance,https://www.hatvp.fr/pages_nominatives/abad-damien
Mme Nadège Abomangoli,nadege.abomangoli@assemblee-nationale.fr,Seine-Saint-Denis,La France insoumise - Nouvelle Union Populaire écologique et sociale,https://www.hatvp.fr/pages_nominatives/abomangoli-nadege-180
M. Damien Adam,Damien.Adam@assemblee-nationale.fr,Seine-Maritime,Renaissance,http://damienadam.fr
M. Éric Alauzet,Eric.Alauzet@assemblee-nationale.fr,Doubs,Renaissance,http://www.alauzet.net/
M. Laurent Alexandre,laurent.alexandre@assemblee-nationale.fr,Aveyron,La France insoumise - Nouvelle Union Populaire écologique et sociale,https://www.hatvp.fr/pages_nominatives/alexandre-laurent-24165
M. Franck Allisio,franck.allisio@assemblee-nationale.fr,Bouches-du-Rhône,Rassemblement National,https://www.hatvp.fr/pages_nominatives/allisio-franck-24180
M. David Amiel,david.amiel@assemblee-nationale.fr,Paris,Renaissance,https://www.hatvp.fr/pages_nominatives/amiel-david
Mme Farida Amrani,farida.amrani@assemblee-nationale.fr,Essonne,La France insoumise - Nouvelle Union Populaire écologique et sociale,https://www.hatvp.fr/pages_nominatives/amrani-farida-24328
Mme Emmanuelle Anthoine,Emmanuelle.Anthoine@assemblee-nationale.fr,Drôme,Les Républicains,http://www.emmanuelle-anthoine.fr
M. Rodrigo Arenas,rodrigo.arenas@assemblee-nationale.fr,Paris,La France insoumise - Nouvelle Union Populaire écologique et sociale,https://www.hatvp.fr/pages_nominatives/arenas-rodrigo-24170
Mme Christine Arrighi,christine.arrighi@assemblee-nationale.fr,Haute-Garonne,Écologiste - NUPES,https://www.hatvp.fr/pages_nominatives/arrighi-christine-24260
Mme Bénédicte Auzanot,benedicte.auzanot@assemblee-nationale.fr,Vaucluse,Rassemblement National,https://www.hatvp.fr/pages_nominatives/auzanot-benedicte-24225
Mme Anne-Laure Babault,anne-laure.babault@assemblee-nationale.fr,Charente-Maritime,Démocrate (MoDem et Indépendants),https://www.hatvp.fr/pages_nominatives/babault-anne-laure-24290
M. Philippe Ballard,philippe.ballard@assemblee-nationale.fr,Oise,Rassemblement National,http://www.philippeballard.fr
M. Christian Baptiste,christian.baptiste@assemblee-nationale.fr,Guadeloupe,Socialistes et apparentés (membre de l’intergroupe NUPES),https://www.hatvp.fr/pages_nominatives/baptiste-christian
M. Christophe Barthès,christophe.barthes@assemblee-nationale.fr,Aude,Rassemblement National,https://www.hatvp.fr/pages_nominatives/barthes-christophe-24288
M. Quentin Bataillon,quentin.bataillon@assemblee-nationale.fr,Loire,Renaissance,http://www.quentinbataillon.fr
Mme Marie-Noëlle Battistel,Marie-Noelle.Battistel@assemblee-nationale.fr,Isère,Socialistes et apparentés (membre de l’intergroupe NUPES),http://www.marienoelle-battistel.fr
M. Romain Baubry,romain.baubry@assemblee-nationale.fr,Bouches-du-Rhône,Rassemblement National,https://www.hatvp.fr/pages_nominatives/baubry-romain-24174
M. Thibault Bazin,Thibault.Bazin@assemblee-nationale.fr,Meurthe-et-Moselle,Les Républicains,http://www.thibaultbazin.fr
M. José Beaurain,jose.beaurain@assemblee-nationale.fr,Aisne,Rassemblement National,https://www.hatvp.fr/pages_nominatives/beaurain-jose-24140
M. Mounir Belhamiti,mounir.belhamiti@assemblee-nationale.fr,Loire-Atlantique,Renaissance,http://mouniravecvous.fr
Mme Lisa Belluco,lisa.belluco@assemblee-nationale.fr,Vienne,Écologiste - NUPES,https://www.hatvp.fr/pages_nominatives/belluco-lisa-19824
M. Thierry Benoit,Thierry.Benoit@assemblee-nationale.fr,Ille-et-Vilaine,Horizons et apparentés,http://www.thierry-benoit.fr
Mme Fanta Berete,fanta.berete@assemblee-nationale.fr,Paris,Renaissance,https://www.hatvp.fr/pages_nominatives/berete-fanta-24506
M. Ugo Bernalicis,Ugo.Bernalicis@assemblee-nationale.fr,Nord,La France insoumise - Nouvelle Union Populaire écologique et sociale,http://www.ugobernalicis.fr
M. Pierrick Berteloot,pierrick.berteloot@assemblee-nationale.fr,Nord,Rassemblement National,https://www.hatvp.fr/pages_nominatives/berteloot-pierrick-24154
M. Christophe Bex,christophe.bex@assemblee-nationale.fr,Haute-Garonne,La France insoumise - Nouvelle Union Populaire écologique et sociale,https://www.hatvp.fr/pages_nominatives/bex-christophe-24294
M. Carlos Martens Bilongo,carlosmartens.bilongo@assemblee-nationale.fr,Val-d'Oise,La France insoumise - Nouvelle Union Populaire écologique et sociale,https://www.hatvp.fr/pages_nominatives/bilongo-carlos-martens-24272
Mme Sophie Blanc,sophie.blanc@assemblee-nationale.fr,Pyrénées-Orientales,Rassemblement National,https://www.hatvp.fr/pages_nominatives/blanc-sophie-19142
Mme Anne-Laure Blin,anne-laure.blin@assemblee-nationale.fr,Maine-et-Loire,Les Républicains,http://www.annelaureblin.fr
M. Philippe Bolo,Philippe.Bolo@assemblee-nationale.fr,Maine-et-Loire,Démocrate (MoDem et Indépendants),http://www.philippe-bolo.fr
Mme Émilie Bonnivard,Emilie.Bonnivard@assemblee-nationale.fr,Savoie,Les Républicains,http://emiliebonnivard.fr
M. Benoît Bordat,benoit.bordat@assemblee-nationale.fr,Côte-d'Or,Renaissance,http://benoitbordat.com
M. Éric Bothorel,Eric.Bothorel@assemblee-nationale.fr,Côtes-d'Armor,Renaissance,http://ericbothorel.fr
M. Florent Boudié,Florent.Boudie@assemblee-nationale.fr,Gironde,Renaissance,http://www.florentboudie.fr
M. Mickaël Bouloux,mickael.bouloux@assemblee-nationale.fr,Ille-et-Vilaine,Socialistes et apparentés (membre de l’intergroupe NUPES),http://mickaelbouloux.bzh/
M. Jean-Luc Bourgeaux,jean-luc.bourgeaux@assemblee-nationale.fr,Ille-et-Vilaine,Les Républicains,https://www.hatvp.fr/pages_nominatives/bourgeaux-jean-luc-18806
Mme Soumya Bourouaha,soumya.bourouaha@assemblee-nationale.fr,Seine-Saint-Denis,Gauche démocrate et républicaine - NUPES,https://www.hatvp.fr/pages_nominatives/bourouaha-soumya-24210
M. Jorys Bovet,jorys.bovet@assemblee-nationale.fr,Allier,Rassemblement National,https://www.hatvp.fr/pages_nominatives/bovet-jorys-24137
Mme Pascale Boyer,Pascale.Boyer@assemblee-nationale.fr,Hautes-Alpes,Renaissance,http://pascaleboyer.fr
Mme Maud Bregeon,maud.bregeon@assemblee-nationale.fr,Hauts-de-Seine,Renaissance,https://www.hatvp.fr/pages_nominatives/bregeon-maud-24159
M. Guy Bricout,Guy.Bricout@assemblee-nationale.fr,Nord,"Libertés, Indépendants, Outre-mer et Territoires",http://guybricout.org
M. Hubert Brigand,hubert.brigand@assemblee-nationale.fr,Côte-d'Or,Les Républicains,https://www.hatvp.fr/pages_nominatives/brigand-hubert-22438
M. Anthony Brosse,anthony.brosse@assemblee-nationale.fr,Loiret,Renaissance,https://www.hatvp.fr/pages_nominatives/brosse-anthony-24192
M. Vincent Bru,Vincent.Bru@assemblee-nationale.fr,Pyrénées-Atlantiques,Démocrate (MoDem et Indépendants),http://www.vincentbru.fr
Mme Danielle Brulebois,Danielle.Brulebois@assemblee-nationale.fr,Jura,Renaissance,https://www.hatvp.fr/pages_nominatives/brulebois-danielle
M. Philippe Brun,philippe.brun@assemblee-nationale.fr,Eure,Socialistes et apparentés (membre de l’intergroupe NUPES),http://philippe-brun.fr
Mme Françoise Buffet,francoise.buffet@assemblee-nationale.fr,Bas-Rhin,Renaissance,https://www.hatvp.fr/pages_nominatives/buffet-francoise
M. Frédéric Cabrolier,frederic.cabrolier@assemblee-nationale.fr,Tarn,Rassemblement National,https://www.hatvp.fr/pages_nominatives/cabrolier-frederic-24236
Mme Céline Calvez,Celine.Calvez@assemblee-nationale.fr,Hauts-de-Seine,Renaissance,http://celine-calvez.fr
Mme Eléonore Caroit,eleonore.caroit@assemblee-nationale.fr,Français établis hors de France,Renaissance,https://www.hatvp.fr/pages_nominatives/caroit-eleonore-24320
M. Sylvain Carrière,sylvain.carriere@assemblee-nationale.fr,Hérault,La France insoumise - Nouvelle Union Populaire écologique et sociale,https://www.hatvp.fr/pages_nominatives/carriere-sylvain-24217
M. Jean-Victor Castor,jean-victor.castor@assemblee-nationale.fr,Guyane,Gauche démocrate et républicaine - NUPES,https://www.hatvp.fr/pages_nominatives/castor-jean-victor-24289
M. Lionel Causse,Lionel.Causse@assemblee-nationale.fr,Landes,Renaissance,http://www.lionel-causse.fr
M. Jean-René Cazeneuve,Jean-Rene.Cazeneuve@assemblee-nationale.fr,Gers,Renaissance,http://jrcazeneuve.fr
M. Steve Chailloux,steve.chailloux@assemblee-nationale.fr,Polynésie Française,Gauche démocrate et républicaine - NUPES,https://www.hatvp.fr/pages_nominatives/chailloux-steve-24214
M. André Chassaigne,Andre.Chassaigne@assemblee-nationale.fr,Puy-de-Dôme,Gauche démocrate et républicaine - NUPES,http://www.andrechassaigne.org
Mme Cyrielle Chatelain,cyrielle.chatelain@assemblee-nationale.fr,Isère,Écologiste - NUPES,https://www.hatvp.fr/pages_nominatives/chatelain-cyrielle-24303
M. Yannick Chenevard,yannick.chenevard@assemblee-nationale.fr,Var,Renaissance,https://www.hatvp.fr/pages_nominatives/chenevard-yannick
Mme Sophia Chikirou,sophia.chikirou@assemblee-nationale.fr,Paris,La France insoumise - Nouvelle Union Populaire écologique et sociale,http://sophia-chikirou.fr
M. Roger Chudeau,roger.chudeau@assemblee-nationale.fr,Loir-et-Cher,Rassemblement National,https://www.hatvp.fr/pages_nominatives/chudeau-roger-24171
M. Éric Ciotti,Eric.Ciotti@assemblee-nationale.fr,Alpes-Maritimes,Les Républicains,http://www.eric-ciotti.com
M. Hadrien Clouet,hadrien.clouet@assemblee-nationale.fr,Haute-Garonne,La France insoumise - Nouvelle Union Populaire écologique et sociale,https://www.hatvp.fr/pages_nominatives/clouet-hadrien-24301
M. Paul-André Colombani,Paul-Andre.Colombani@assemblee-nationale.fr,Corse-du-Sud,"Libertés, Indépendants, Outre-mer et Territoires",https://www.hatvp.fr/pages_nominatives/colombani-paul-andre
M. Éric Coquerel,Eric.Coquerel@assemblee-nationale.fr,Seine-Saint-Denis,La France insoumise - Nouvelle Union Populaire écologique et sociale,https://www.hatvp.fr/pages_nominatives/coquerel-eric
M. Pierre Cordier,Pierre.Cordier@assemblee-nationale.fr,Ardennes,Les Républicains,https://www.hatvp.fr/pages_nominatives/cordier-pierre-2482
Mme Josiane Corneloup,Josiane.Corneloup@assemblee-nationale.fr,Saône-et-Loire,Les Républicains,http://josianecorneloup.fr
M. Jean-François Coulomme,jean-francois.coulomme@assemblee-nationale.fr,Savoie,La France insoumise - Nouvelle Union Populaire écologique et sociale,https://www.hatvp.fr/pages_nominatives/coulomme-jean-francois-24341
Mme Annick Cousin,annick.cousin@assemblee-nationale.fr,Lot-et-Garonne,Rassemblement National,https://www.hatvp.fr/pages_nominatives/cousin-annick-24297
Mme Laurence Cristol,laurence.cristol@assemblee-nationale.fr,Hérault,Renaissance,https://www.hatvp.fr/pages_nominatives/cristol-laurence-24135
M. Jean-Pierre Cubertafon,Jean-Pierre.Cubertafon@assemblee-nationale.fr,Dordogne,Démocrate (MoDem et Indépendants),https://www.hatvp.fr/pages_nominatives/cubertafon-jean-pierre
Mme Nathalie Da Conceicao Carvalho,nathalie.daconceicaocarvalho@assemblee-nationale.fr,Essonne,Rassemblement National,https://www.hatvp.fr/pages_nominatives/da-conceicao-carvalho-nathalie-24181
Mme Marie-Christine Dalloz,Marie-Christine.Dalloz@assemblee-nationale.fr,Jura,Les Républicains,http://www.mcdalloz.fr/
M. Hendrik Davi,hendrik.davi@assemblee-nationale.fr,Bouches-du-Rhône,La France insoumise - Nouvelle Union Populaire écologique et sociale,http://www.hendrikdavi.fr
Mme Christine Decodts,christine.decodts@assemblee-nationale.fr,Nord,Renaissance,https://www.hatvp.fr/pages_nominatives/decodts-christine-24263
M. Stéphane Delautrette,stephane.delautrette@assemblee-nationale.fr,Haute-Vienne,Socialistes et apparentés (membre de l’intergroupe NUPES),https://www.hatvp.fr/pages_nominatives/delautrette-stephane-22744
Mme Julie Delpech,julie.delpech@assemblee-nationale.fr,Sarthe,Renaissance,http://www.julie-delpech.avecvous.fr/
M. Vincent Descoeur,Vincent.Descoeur@assemblee-nationale.fr,Cantal,Les Républicains,http://www.descoeur.com
Mme Mathilde Desjonquères,mathilde.desjonqueres@assemblee-nationale.fr,Loir-et-Cher,Démocrate (MoDem et Indépendants),https://www.hatvp.fr/pages_nominatives/desjonqueres-mathilde-24502
M. Pierre Dharréville,Pierre.Dharreville@assemblee-nationale.fr,Bouches-du-Rhône,Gauche démocrate et républicaine - NUPES,http://www.pierredharreville.fr
Mme Edwige Diaz,edwige.diaz@assemblee-nationale.fr,Gironde,Rassemblement National,https://www.hatvp.fr/pages_nominatives/diaz-edwige-24319
M. Julien Dive,Julien.Dive@assemblee-nationale.fr,Aisne,Les Républicains,https://www.hatvp.fr/pages_nominatives/dive-julien
M. Nicolas Dragon,nicolas.dragon@assemblee-nationale.fr,Aisne,Rassemblement National,http://www.nicolasdragon.com
Mme Nicole Dubré-Chirat,Nicole.Dubre-Chirat@assemblee-nationale.fr,Maine-et-Loire,Renaissance,http://nicole-dubre-chirat.fr
Mme Alma Dufour,alma.dufour@assemblee-nationale.fr,Seine-Maritime,La France insoumise - Nouvelle Union Populaire écologique et sociale,http://almadufour.fr
M. Philippe Dunoyer,Philippe.Dunoyer@assemblee-nationale.fr,Nouvelle-Calédonie,Renaissance,https://www.hatvp.fr/pages_nominatives/dunoyer-philippe
M. Nicolas Dupont-Aignan,Nicolas.Dupont-Aignan@assemblee-nationale.fr,Essonne,Non inscrit,https://www.hatvp.fr/pages_nominatives/dupont-aignan-nicolas
Mme Christine Engrand,christine.engrand@assemblee-nationale.fr,Pas-de-Calais,Rassemblement National,https://www.hatvp.fr/pages_nominatives/engrand-christine-24281
Mme Sophie Errante,Sophie.Errante@assemblee-nationale.fr,Loire-Atlantique,Renaissance,https://www.hatvp.fr/pages_nominatives/errante-sophie
Mme Martine Etienne,martine.etienne@assemblee-nationale.fr,Meurthe-et-Moselle,La France insoumise - Nouvelle Union Populaire écologique et sociale,https://www.hatvp.fr/pages_nominatives/etienne-martine-24153
M. Frédéric Falcon,frederic.falcon@assemblee-nationale.fr,Aude,Rassemblement National,https://www.hatvp.fr/pages_nominatives/falcon-frederic-24248
Mme Elsa Faucillon,Elsa.Faucillon@assemblee-nationale.fr,Hauts-de-Seine,Gauche démocrate et républicaine - NUPES,http://www.elsa-faucillon.fr
M. Yannick Favennec-Bécot,Yannick.Favennec@assemblee-nationale.fr,Mayenne,Horizons et apparentés,https://www.hatvp.fr/pages_nominatives/favennec-becot-yannick
M. Marc Ferracci,marc.ferracci@assemblee-nationale.fr,Français établis hors de France,Renaissance,http://www.marc-ferracci.fr
Mme Sylvie Ferrer,sylvie.ferrer@assemblee-nationale.fr,Hautes-Pyrénées,La France insoumise - Nouvelle Union Populaire écologique et sociale,https://www.hatvp.fr/pages_nominatives/ferrer-sylvie-24213
M. Jean-Marie Fiévet,Jean-Marie.Fievet@assemblee-nationale.fr,Deux-Sèvres,Renaissance,https://www.hatvp.fr/pages_nominatives/fievet-jean-marie
M. Nicolas Forissier,Nicolas.Forissier@assemblee-nationale.fr,Indre,Les Républicains,https://www.hatvp.fr/pages_nominatives/forissier-nicolas
M. Charles Fournier,charles.fournier@assemblee-nationale.fr,Indre-et-Loire,Écologiste - NUPES,https://www.hatvp.fr/pages_nominatives/fournier-charles
M. Thierry Frappé,thierry.frappe@assemblee-nationale.fr,Pas-de-Calais,Rassemblement National,https://www.hatvp.fr/pages_nominatives/frappe-thierry-24232
M. Bruno Fuchs,Bruno.Fuchs@assemblee-nationale.fr,Haut-Rhin,Démocrate (MoDem et Indépendants),http://bruno-fuchs.fr
M. Perceval Gaillard,perceval.gaillard@assemblee-nationale.fr,Réunion,La France insoumise - Nouvelle Union Populaire écologique et sociale,https://www.hatvp.fr/pages_nominatives/gaillard-perceval-19040
Mme Marie-Charlotte Garin,marie-charlotte.garin@assemblee-nationale.fr,Rhône,Écologiste - NUPES,https://www.hatvp.fr/pages_nominatives/garin-marie-charlotte-24147
Mme Raquel Garrido,raquel.garrido@assemblee-nationale.fr,Seine-Saint-Denis,La France insoumise - Nouvelle Union Populaire écologique et sociale,https://www.hatvp.fr/pages_nominatives/garrido-raquel-24194
Mme Maud Gatel,maud.gatel@assemblee-nationale.fr,Paris,Démocrate (MoDem et Indépendants),http://www.maudgatel.fr
M. Luc Geismar,luc.geismar@assemblee-nationale.fr,Loire-Atlantique,Démocrate (MoDem et Indépendants),https://www.hatvp.fr/pages_nominatives/geismar-luc-19687
Mme Annie Genevard,Annie.Genevard@assemblee-nationale.fr,Doubs,Les Républicains,http://www.anniegenevard.fr
M. Raphaël Gérard,Raphael.Gerard@assemblee-nationale.fr,Charente-Maritime,Renaissance,http://www.raphaelgerard.fr
M. Hadrien Ghomi,hadrien.ghomi@assemblee-nationale.fr,Seine-et-Marne,Renaissance,https://www.hatvp.fr/pages_nominatives/ghomi-hadrien-24304
M. Yoann Gillet,yoann.gillet@assemblee-nationale.fr,Gard,Rassemblement National,http://www.yoanngillet.fr
M. Éric Girardin,Eric.Girardin@assemblee-nationale.fr,Marne,Renaissance,https://www.hatvp.fr/pages_nominatives/girardin-eric
Mme Olga Givernet,Olga.Givernet@assemblee-nationale.fr,Ain,Renaissance,http://www.olga-givernet.fr
M. José Gonzalez,jose.gonzalez@assemblee-nationale.fr,Bouches-du-Rhône,Rassemblement National,https://www.hatvp.fr/pages_nominatives/gonzalez-jose-24144
M. Guillaume Gouffier-Cha,Guillaume.Gouffier-Cha@assemblee-nationale.fr,Val-de-Marne,Renaissance,http://guillaume.gouffier-cha.fr
Mme Perrine Goulet,Perrine.Goulet@assemblee-nationale.fr,Nièvre,Démocrate (MoDem et Indépendants),http://perrinegoulet.fr
M. Jean-Carles Grelier,Jean-Carles.Grelier@assemblee-nationale.fr,Sarthe,Renaissance,https://www.hatvp.fr/pages_nominatives/grelier-jean-carles-9591
Mme Justine Gruet,justine.gruet@assemblee-nationale.fr,Jura,Les Républicains,https://www.hatvp.fr/pages_nominatives/gruet-justine-24336
Mme Clémence Guetté,clemence.guette@assemblee-nationale.fr,Val-de-Marne,La France insoumise - Nouvelle Union Populaire écologique et sociale,http://clemenceguette.fr
Mme Claire Guichard,claire.guichard@assemblee-nationale.fr,Hauts-de-Seine,Renaissance,https://www.hatvp.fr/pages_nominatives/guichard-claire-24505
M. Michel Guiniot,michel.guiniot@assemblee-nationale.fr,Oise,Rassemblement National,https://www.hatvp.fr/pages_nominatives/guiniot-michel-24237
M. Jordan Guitton,jordan.guitton@assemblee-nationale.fr,Aube,Rassemblement National,https://www.hatvp.fr/pages_nominatives/guitton-jordan-24258
M. Victor Habert-Dassault,victor.habert-dassault@assemblee-nationale.fr,Oise,Les Républicains,https://www.hatvp.fr/pages_nominatives/habert-dassault-victor-22004
M. Meyer Habib,Meyer.Habib@assemblee-nationale.fr,Français établis hors de France,Les Républicains,https://www.hatvp.fr/pages_nominatives/habib-meyer
Mme Nadia Hai,nadia.hai@assemblee-nationale.fr,Yvelines,Renaissance,https://www.hatvp.fr/pages_nominatives/hai-nadia
Mme Marine Hamelet,marine.hamelet@assemblee-nationale.fr,Tarn-et-Garonne,Rassemblement National,https://www.hatvp.fr/pages_nominatives/hamelet-marine-24151
M. Joris Hébrard,joris.hebrard@assemblee-nationale.fr,Vaucluse,Rassemblement National,https://www.hatvp.fr/pages_nominatives/hebrard-joris-21002
M. Michel Herbillon,Michel.Herbillon@assemblee-nationale.fr,Val-de-Marne,Les Républicains,https://www.hatvp.fr/pages_nominatives/herbillon-michel
Mme Laurence Heydel Grillere,laurence.heydelgrillere@assemblee-nationale.fr,Ardèche,Renaissance,https://www.hatvp.fr/pages_nominatives/heydel-grillere-laurence-24501
M. Alexandre Holroyd,Alexandre.Holroyd@assemblee-nationale.fr,Français établis hors de France,Renaissance,http://www.alexandre-holroyd.fr
M. Timothée Houssin,timothee.houssin@assemblee-nationale.fr,Eure,Rassemblement National,https://www.hatvp.fr/pages_nominatives/houssin-timothee-24241
Mme Monique Iborra,Monique.Iborra@assemblee-nationale.fr,Haute-Garonne,Renaissance,https://www.hatvp.fr/pages_nominatives/iborra-monique
M. Cyrille Isaac-Sibille,Cyrille.Isaac-Sibille@assemblee-nationale.fr,Rhône,Démocrate (MoDem et Indépendants),http://cyrille.isaac-sibille.fr
M. Laurent Jacobelli,laurent.jacobelli@assemblee-nationale.fr,Moselle,Rassemblement National,https://www.hatvp.fr/pages_nominatives/jacobelli-laurent-24167
Mme Élodie Jacquier-Laforge,Elodie.Jacquier-Laforge@assemblee-nationale.fr,Isère,Démocrate (MoDem et Indépendants),http://www.elodiejacquierlaforge.fr
M. François Jolivet,Francois.Jolivet@assemblee-nationale.fr,Indre,Horizons et apparentés,http://francois-jolivet.fr
Mme Sandrine Josso,Sandrine.Josso@assemblee-nationale.fr,Loire-Atlantique,Démocrate (MoDem et Indépendants),https://www.hatvp.fr/pages_nominatives/josso-sandrine
M. Hubert Julien-Laferrière,Hubert.Julien-Laferriere@assemblee-nationale.fr,Rhône,Écologiste - NUPES,https://www.hatvp.fr/pages_nominatives/julien-laferriere-hubert
M. Philippe Juvin,philippe.juvin@assemblee-nationale.fr,Hauts-de-Seine,Les Républicains,http://www.philippejuvin.fr
M. Mansour Kamardine,Mansour.Kamardine@assemblee-nationale.fr,Mayotte,Les Républicains,http://www.mansour-kamardine.net
M. Guillaume Kasbarian,Guillaume.Kasbarian@assemblee-nationale.fr,Eure-et-Loir,Renaissance,http://guillaumekasbarian.fr
Mme Fatiha Keloua Hachi,fatiha.kelouahachi@assemblee-nationale.fr,Seine-Saint-Denis,Socialistes et apparentés (membre de l’intergroupe NUPES),https://www.hatvp.fr/pages_nominatives/keloua-hachi-fatiha-24329
M. Loïc Kervran,Loic.Kervran@assemblee-nationale.fr,Cher,Horizons et apparentés,http://loic-kervran.fr
Mme Brigitte Klinkert,brigitte.klinkert@assemblee-nationale.fr,Haut-Rhin,Renaissance,https://www.hatvp.fr/pages_nominatives/klinkert-brigitte-13215
M. Daniel Labaronne,Daniel.Labaronne@assemblee-nationale.fr,Indre-et-Loire,Renaissance,https://www.hatvp.fr/pages_nominatives/labaronne-daniel
M. Emmanuel Lacresse,emmanuel.lacresse@assemblee-nationale.fr,Meurthe-et-Moselle,Renaissance,http://emmanuel-lacresse.fr
M. Fabien Lainé,Fabien.Laine@assemblee-nationale.fr,Landes,Démocrate (MoDem et Indépendants),https://www.hatvp.fr/pages_nominatives/laine-fabien
Mme Amélia Lakrafi,amelia.lakrafi@assemblee-nationale.fr,Français établis hors de France,Renaissance,http://amelialakrafi.fr
Mme Hélène Laporte,helene.laporte@assemblee-nationale.fr,Lot-et-Garonne,Rassemblement National,https://www.hatvp.fr/pages_nominatives/laporte-helene-24647
M. Jean-Charles Larsonneur,Jean-Charles.Larsonneur@assemblee-nationale.fr,Finistère,Horizons et apparentés,http://www.jeancharleslarsonneur.fr
M. Philippe Latombe,Philippe.Latombe@assemblee-nationale.fr,Vendée,Démocrate (MoDem et Indépendants),https://www.hatvp.fr/pages_nominatives/latombe-philippe
Mme Laure Lavalette,laure.lavalette@assemblee-nationale.fr,Var,Rassemblement National,https://www.hatvp.fr/pages_nominatives/lavalette-laure-24134
Mme Sandrine Le Feur,Sandrine.LeFeur@assemblee-nationale.fr,Finistère,Renaissance,http://www.sandrine-lefeur.fr
M. Didier Le Gac,Didier.LeGac@assemblee-nationale.fr,Finistère,Renaissance,http://didierlegac.bzh
M. Tematai Le Gayic,tematai.legayic@assemblee-nationale.fr,Polynésie Française,Gauche démocrate et républicaine - NUPES,https://www.hatvp.fr/pages_nominatives/le-gayic-tematai-24219
Mme Constance Le Grip,Constance.LeGrip@assemblee-nationale.fr,Hauts-de-Seine,Renaissance,https://www.hatvp.fr/pages_nominatives/le-grip-constance
Mme Annaïg Le Meur,Annaig.LeMeur@assemblee-nationale.fr,Finistère,Renaissance,https://www.hatvp.fr/pages_nominatives/le-meur-annaig
Mme Nicole Le Peih,Nicole.LePeih@assemblee-nationale.fr,Morbihan,Renaissance,http://www.nicolelepeih.bzh
M. Fabrice Le Vigoureux,Fabrice.LeVigoureux@assemblee-nationale.fr,Calvados,Renaissance,https://www.hatvp.fr/pages_nominatives/le-vigoureux-fabrice
Mme Marie Lebec,Marie.Lebec@assemblee-nationale.fr,Yvelines,Renaissance,https://www.hatvp.fr/pages_nominatives/lebec-marie
Mme Élise Leboucher,elise.leboucher@assemblee-nationale.fr,Sarthe,La France insoumise - Nouvelle Union Populaire écologique et sociale,https://www.hatvp.fr/pages_nominatives/leboucher-elise-24322
Mme Julie Lechanteux,julie.lechanteux@assemblee-nationale.fr,Var,Rassemblement National,https://www.hatvp.fr/pages_nominatives/lechanteux-julie-15939
M. Vincent Ledoux,Vincent.Ledoux@assemblee-nationale.fr,Nord,Renaissance,https://www.hatvp.fr/pages_nominatives/ledoux-vincent
M. Mathieu Lefèvre,mathieu.lefevre@assemblee-nationale.fr,Val-de-Marne,Renaissance,https://www.hatvp.fr/pages_nominatives/lefevre-mathieu
Mme Sarah Legrain,sarah.legrain@assemblee-nationale.fr,Paris,La France insoumise - Nouvelle Union Populaire écologique et sociale,http://sarahlegrain.fr
M. Didier Lemaire,didier.lemaire@assemblee-nationale.fr,Haut-Rhin,Horizons et apparentés,https://www.hatvp.fr/pages_nominatives/lemaire-didier-24312
M. Stéphane Lenormand,stephane.lenormand@assemblee-nationale.fr,Saint-Pierre-et-Miquelon,"Libertés, Indépendants, Outre-mer et Territoires",https://www.hatvp.fr/pages_nominatives/lenormand-stephane
Mme Murielle Lepvraud,murielle.lepvraud@assemblee-nationale.fr,Côtes-d'Armor,La France insoumise - Nouvelle Union Populaire écologique et sociale,https://www.hatvp.fr/pages_nominatives/lepvraud-murielle-24168
Mme Katiana Levavasseur,katiana.levavasseur@assemblee-nationale.fr,Eure,Rassemblement National,https://www.hatvp.fr/pages_nominatives/levavasseur-katiana-24133
Mme Brigitte Liso,Brigitte.Liso@assemblee-nationale.fr,Nord,Renaissance,https://www.hatvp.fr/pages_nominatives/liso-brigitte
M. Aurélien Lopez-Liguori,aurelien.lopezliguori@assemblee-nationale.fr,Hérault,Rassemblement National,https://www.hatvp.fr/pages_nominatives/lopez-liguori-aurelien-24235
M. Philippe Lottiaux,philippe.lottiaux@assemblee-nationale.fr,Var,Rassemblement National,https://www.hatvp.fr/pages_nominatives/lottiaux-philippe-15882
Mme Véronique Louwagie,Veronique.Louwagie@assemblee-nationale.fr,Orne,Les Républicains,http://www.veroniquelouwagie.fr
M. Benjamin Lucas,benjamin.lucas@assemblee-nationale.fr,Yvelines,Écologiste - NUPES,https://www.hatvp.fr/pages_nominatives/lucas-benjamin-24256
Mme Lise Magnier,Lise.Magnier@assemblee-nationale.fr,Marne,Horizons et apparentés,https://www.hatvp.fr/pages_nominatives/magnier-lise
Mme Laurence Maillart-Méhaignerie,Laurence.Maillart-Mehaignerie@assemblee-nationale.fr,Ille-et-Vilaine,Renaissance,http://lmaillartmehaignerie.fr
M. Emmanuel Mandon,emmanuel.mandon@assemblee-nationale.fr,Loire,Démocrate (MoDem et Indépendants),https://www.hatvp.fr/pages_nominatives/mandon-emmanuel
Mme Jacqueline Maquet,Jacqueline.Maquet@assemblee-nationale.fr,Pas-de-Calais,Renaissance,http://jacqueline-maquet.fr/
M. Matthieu Marchio,matthieu.marchio@assemblee-nationale.fr,Nord,Rassemblement National,https://www.hatvp.fr/pages_nominatives/marchio-matthieu-24230
M. Louis Margueritte,louis.margueritte@assemblee-nationale.fr,Saône-et-Loire,Renaissance,http://louismargueritte.fr
M. Olivier Marleix,Olivier.Marleix@assemblee-nationale.fr,Eure-et-Loir,Les Républicains,https://www.hatvp.fr/pages_nominatives/marleix-olivier
Mme Alexandra Martin,alexandra.martin@assemblee-nationale.fr,Alpes-Maritimes,Les Républicains,https://www.hatvp.fr/pages_nominatives/martin-alexandra
Mme Élisa Martin,elisa.martin@assemblee-nationale.fr,Isère,La France insoumise - Nouvelle Union Populaire écologique et sociale,https://www.hatvp.fr/pages_nominatives/martin-elisa
M. Éric Martineau,eric.martineau@assemblee-nationale.fr,Sarthe,Démocrate (MoDem et Indépendants),https://www.hatvp.fr/pages_nominatives/martineau-eric-24321
Mme Michèle Martinez,michele.martinez@assemblee-nationale.fr,Pyrénées-Orientales,Rassemblement National,https://www.hatvp.fr/pages_nominatives/martinez-michele-24163
Mme Alexandra Masson,alexandra.masson@assemblee-nationale.fr,Alpes-Maritimes,Rassemblement National,http://www.alexandramasson.fr
M. Max Mathiasin,Max.Mathiasin@assemblee-nationale.fr,Guadeloupe,"Libertés, Indépendants, Outre-mer et Territoires",https://www.hatvp.fr/pages_nominatives/mathiasin-max
M. Jean-Paul Mattei,Jean-Paul.Mattei@assemblee-nationale.fr,Pyrénées-Atlantiques,Démocrate (MoDem et Indépendants),https://www.hatvp.fr/pages_nominatives/mattei-jean-paul
M. Kévin Mauvieux,kevin.mauvieux@assemblee-nationale.fr,Eure,Rassemblement National,https://www.hatvp.fr/pages_nominatives/mauvieux-kevin-24160
M. Stéphane Mazars,Stephane.Mazars@assemblee-nationale.fr,Aveyron,Renaissance,https://www.hatvp.fr/pages_nominatives/mazars-stephane
Mme Graziella Melchior,Graziella.Melchior@assemblee-nationale.fr,Finistère,Renaissance,https://www.hatvp.fr/pages_nominatives/melchior-graziella
Mme Yaël Menache,yael.menache@assemblee-nationale.fr,Somme,Rassemblement National,https://www.hatvp.fr/pages_nominatives/menache-yael-24218
Mme Emmanuelle Ménard,Emmanuelle.Menard@assemblee-nationale.fr,Hérault,Non inscrit,http://www.menard34.fr/
M. Thomas Mesnier,Thomas.Mesnier@assemblee-nationale.fr,Charente,Horizons et apparentés,http://thomasmesnier.fr
Mme Sophie Mette,Sophie.Mette@assemblee-nationale.fr,Gironde,Démocrate (MoDem et Indépendants),http://sophie-mette.com
Mme Frédérique Meunier,Frederique.Meunier@assemblee-nationale.fr,Corrèze,Les Républicains,https://www.hatvp.fr/pages_nominatives/meunier-frederique-6851
M. Pierre Meurin,pierre.meurin@assemblee-nationale.fr,Gard,Rassemblement National,https://www.hatvp.fr/pages_nominatives/meurin-pierre-24150
M. Paul Midy,paul.midy@assemblee-nationale.fr,Essonne,Renaissance,https://www.hatvp.fr/pages_nominatives/midy-paul-24266
M. Maxime Minot,Maxime.Minot@assemblee-nationale.fr,Oise,Les Républicains,https://www.hatvp.fr/pages_nominatives/minot-maxime
M. Yannick Monnet,yannick.monnet@assemblee-nationale.fr,Allier,Gauche démocrate et républicaine - NUPES,https://www.hatvp.fr/pages_nominatives/monnet-yannick-24259
M. Pierre Morel-À-L'Huissier,Pierre.Morel-A-LHuissier@assemblee-nationale.fr,Lozère,"Libertés, Indépendants, Outre-mer et Territoires",http://www.pierre-morel.fr
Mme Naïma Moutchou,Naima.Moutchou@assemblee-nationale.fr,Val-d'Oise,Horizons et apparentés,https://www.hatvp.fr/pages_nominatives/moutchou-naima
M. Marcellin Nadeau,marcellin.nadeau@assemblee-nationale.fr,Martinique,Gauche démocrate et républicaine - NUPES,https://www.hatvp.fr/pages_nominatives/nadeau-marcellin-24215
M. Philippe Naillet,philippe.naillet@assemblee-nationale.fr,Réunion,Socialistes et apparentés (membre de l’intergroupe NUPES),https://www.hatvp.fr/pages_nominatives/naillet-philippe
M. Jean-Philippe Nilor,Jean-Philippe.Nilor@assemblee-nationale.fr,Martinique,La France insoumise - Nouvelle Union Populaire écologique et sociale,http://jpnilor.com
Mme Danièle Obono,Daniele.Obono@assemblee-nationale.fr,Paris,La France insoumise - Nouvelle Union Populaire écologique et sociale,http://deputee-obono.fr
M. Karl Olive,karl.olive@assemblee-nationale.fr,Yvelines,Renaissance,http://karlolive.fr
Mme Nathalie Oziol,nathalie.oziol@assemblee-nationale.fr,Hérault,La France insoumise - Nouvelle Union Populaire écologique et sociale,https://www.hatvp.fr/pages_nominatives/oziol-nathalie-24182
M. Jimmy Pahun,Jimmy.Pahun@assemblee-nationale.fr,Morbihan,Démocrate (MoDem et Indépendants),http://jimmypahun.fr
M. Laurent Panifous,laurent.panifous@assemblee-nationale.fr,Ariège,"Libertés, Indépendants, Outre-mer et Territoires",https://www.hatvp.fr/pages_nominatives/panifous-laurent-24169
Mme Astrid Panosyan-Bouvet,astrid.panosyan-bouvet@assemblee-nationale.fr,Paris,Renaissance,https://www.hatvp.fr/pages_nominatives/panosyan-bouvet-astrid
M. Didier Paris,Didier.Paris@assemblee-nationale.fr,Côte-d'Or,Renaissance,http://www.didier-paris.fr
Mme Caroline Parmentier,caroline.parmentier@assemblee-nationale.fr,Pas-de-Calais,Rassemblement National,https://www.hatvp.fr/pages_nominatives/parmentier-caroline-24247
Mme Francesca Pasquini,francesca.pasquini@assemblee-nationale.fr,Hauts-de-Seine,Écologiste - NUPES,https://www.hatvp.fr/pages_nominatives/pasquini-francesca-24332
M. Éric Pauget,Eric.Pauget@assemblee-nationale.fr,Alpes-Maritimes,Les Républicains,http://www.ericpauget.fr
Mme Isabelle Périgault,isabelle.perigault@assemblee-nationale.fr,Seine-et-Marne,Les Républicains,https://www.hatvp.fr/pages_nominatives/perigault-isabelle-14883
Mme Anne-Laurence Petel,Anne-Laurence.Petel@assemblee-nationale.fr,Bouches-du-Rhône,Renaissance,http://www.annelaurencepetel.fr
M. Bertrand Petit,bertrand.petit@assemblee-nationale.fr,Pas-de-Calais,Socialistes et apparentés (membre de l’intergroupe NUPES),https://www.hatvp.fr/pages_nominatives/petit-bertrand-7057
Mme Maud Petit,Maud.Petit@assemblee-nationale.fr,Val-de-Marne,Démocrate (MoDem et Indépendants),http://www.maudpetit2017.fr
Mme Michèle Peyron,Michele.Peyron@assemblee-nationale.fr,Seine-et-Marne,Renaissance,http://www.michelepeyron.fr
M. Kévin Pfeffer,kevin.pfeffer@assemblee-nationale.fr,Moselle,Rassemblement National,https://www.hatvp.fr/pages_nominatives/pfeffer-kevin-24162
M. François Piquemal,francois.piquemal@assemblee-nationale.fr,Haute-Garonne,La France insoumise - Nouvelle Union Populaire écologique et sociale,http://francoispiquemal.fr/
Mme Béatrice Piron,Beatrice.Piron@assemblee-nationale.fr,Yvelines,Renaissance,http://www.beatricepiron.fr
M. Christophe Plassard,christophe.plassard@assemblee-nationale.fr,Charente-Maritime,Horizons et apparentés,http://cplassard.fr
Mme Lisette Pollet,lisette.pollet@assemblee-nationale.fr,Drôme,Rassemblement National,https://www.hatvp.fr/pages_nominatives/pollet-lisette-24138
M. Jean-Pierre Pont,Jean-Pierre.Pont@assemblee-nationale.fr,Pas-de-Calais,Renaissance,http://www.jeanpierrepont.fr
M. Thomas Portes,thomas.portes@assemblee-nationale.fr,Seine-Saint-Denis,La France insoumise - Nouvelle Union Populaire écologique et sociale,http://thomasportes93.com
M. Dominique Potier,Dominique.Potier@assemblee-nationale.fr,Meurthe-et-Moselle,Socialistes et apparentés (membre de l’intergroupe NUPES),http://www.dominiquepotier.com
M. Éric Poulliat,Eric.Poulliat@assemblee-nationale.fr,Gironde,Renaissance,http://www.ericpoulliat.com
Mme Natalia Pouzyreff,Natalia.Pouzyreff@assemblee-nationale.fr,Yvelines,Renaissance,http://www.nataliapouzyreff.fr
M. Aurélien Pradié,Aurelien.Pradie@assemblee-nationale.fr,Lot,Les Républicains,http://www.aurelienpradie.fr
M. Adrien Quatennens,Adrien.Quatennens@assemblee-nationale.fr,Nord,La France insoumise - Nouvelle Union Populaire écologique et sociale,http://quatennens2022.fr
M. Stéphane Rambaud,stephane.rambaud@assemblee-nationale.fr,Var,Rassemblement National,https://www.hatvp.fr/pages_nominatives/rambaud-stephane-24208
Mme Angélique Ranc,angelique.ranc@assemblee-nationale.fr,Aube,Rassemblement National,https://www.hatvp.fr/pages_nominatives/ranc-angelique-24274
M. Jean-Hugues Ratenon,Jean-Hugues.Ratenon@assemblee-nationale.fr,Réunion,La France insoumise - Nouvelle Union Populaire écologique et sociale,https://www.hatvp.fr/pages_nominatives/ratenon-jean-hugues
M. Jean-Claude Raux,jean-claude.raux@assemblee-nationale.fr,Loire-Atlantique,Écologiste - NUPES,https://www.hatvp.fr/pages_nominatives/raux-jean-claude-24342
M. Rémy Rebeyrotte,Remy.Rebeyrotte@assemblee-nationale.fr,Saône-et-Loire,Renaissance,https://www.hatvp.fr/pages_nominatives/rebeyrotte-remy
Mme Sandra Regol,sandra.regol@assemblee-nationale.fr,Bas-Rhin,Écologiste - NUPES,https://www.hatvp.fr/pages_nominatives/regol-sandra-24199
M. Davy Rimane,davy.rimane@assemblee-nationale.fr,Guyane,Gauche démocrate et républicaine - NUPES,https://www.hatvp.fr/pages_nominatives/rimane-davy-24310
Mme Stéphanie Rist,Stephanie.Rist@assemblee-nationale.fr,Loiret,Renaissance,http://stephanierist.fr/
Mme Laurence Robert-Dehault,laurence.robert-dehault@assemblee-nationale.fr,Haute-Marne,Rassemblement National,https://www.hatvp.fr/pages_nominatives/robert-dehault-laurence-24136
M. Vincent Rolland,Vincent.Rolland@assemblee-nationale.fr,Savoie,Les Républicains,http://vincentrolland.fr
M. Xavier Roseren,Xavier.Roseren@assemblee-nationale.fr,Haute-Savoie,Renaissance,http://roseren.com
Mme Béatrice Roullaud,beatrice.roullaud@assemblee-nationale.fr,Seine-et-Marne,Rassemblement National,https://www.hatvp.fr/pages_nominatives/roullaud-beatrice-24224
M. Fabien Roussel,Fabien.Roussel@assemblee-nationale.fr,Nord,Gauche démocrate et républicaine - NUPES,http://rousselfabien.com
M. Lionel Royer-Perreaut,lionel.royer-perreaut@assemblee-nationale.fr,Bouches-du-Rhône,Renaissance,https://www.hatvp.fr/pages_nominatives/royer-perreaut-lionel
M. François Ruffin,Francois.Ruffin@assemblee-nationale.fr,Somme,La France insoumise - Nouvelle Union Populaire écologique et sociale,http://www.francoisruffin.fr
M. Alexandre Sabatou,alexandre.sabatou@assemblee-nationale.fr,Oise,Rassemblement National,http://www.alexandresabatou.fr 
Mme Laetitia Saint-Paul,Laetitia.Saint-Paul@assemblee-nationale.fr,Maine-et-Loire,Renaissance,http://www.laetitia-saint-paul.fr
M. Michel Sala,michel.sala@assemblee-nationale.fr,Gard,La France insoumise - Nouvelle Union Populaire écologique et sociale,https://www.hatvp.fr/pages_nominatives/sala-michel-24242
M. Nicolas Sansu,nicolas.sansu@assemblee-nationale.fr,Cher,Gauche démocrate et républicaine - NUPES,https://www.hatvp.fr/pages_nominatives/sansu-nicolas
Mme Eva Sas,eva.sas@assemblee-nationale.fr,Paris,Écologiste - NUPES,https://www.hatvp.fr/pages_nominatives/sas-eva
M. Raphaël Schellenberger,Raphael.Schellenberger@assemblee-nationale.fr,Haut-Rhin,Les Républicains,http://www.raphael-schellenberger.fr
Mme Sabrina Sebaihi,sabrina.sebaihi@assemblee-nationale.fr,Hauts-de-Seine,Écologiste - NUPES,https://www.hatvp.fr/pages_nominatives/sebaihi-sabrina-24197
M. Mikaele Seo,mikaele.seo@assemblee-nationale.fr,Wallis-et-Futuna,Renaissance,https://www.hatvp.fr/pages_nominatives/seo-mikaele-24245
M. Freddy Sertin,freddy.sertin@assemblee-nationale.fr,Calvados,Renaissance,https://www.hatvp.fr/pages_nominatives/sertin-freddy-24500
Mme Danielle Simonnet,danielle.simonnet@assemblee-nationale.fr,Paris,La France insoumise - Nouvelle Union Populaire écologique et sociale,https://www.hatvp.fr/pages_nominatives/simonnet-danielle-24313
M. Philippe Sorez,philippe.sorez@assemblee-nationale.fr,Hérault,Renaissance,https://www.hatvp.fr/pages_nominatives/sorez-philippe-24619
Mme Ersilia Soudais,ersilia.soudais@assemblee-nationale.fr,Seine-et-Marne,La France insoumise - Nouvelle Union Populaire écologique et sociale,https://www.hatvp.fr/pages_nominatives/soudais-ersilia-24325
Mme Anne Stambach-Terrenoir,anne.stambach-terrenoir@assemblee-nationale.fr,Haute-Garonne,La France insoumise - Nouvelle Union Populaire écologique et sociale,https://www.hatvp.fr/pages_nominatives/stambach-terrenoir-anne-24282
Mme Michèle Tabarot,Michele.Tabarot@assemblee-nationale.fr,Alpes-Maritimes,Les Républicains,http://www.micheletabarot.fr/
M. Emmanuel Taché de la Pagerie,emmanuel.tachedelapagerie@assemblee-nationale.fr,Bouches-du-Rhône,Rassemblement National,https://www.hatvp.fr/pages_nominatives/tache-de-la-pagerie-emmanuel-24318
M. Jean-Pierre Taite,jean-pierre.taite@assemblee-nationale.fr,Loire,Les Républicains,https://www.hatvp.fr/pages_nominatives/taite-jean-pierre
Mme Liliana Tanguy,Liliana.Tanguy@assemblee-nationale.fr,Finistère,Renaissance,http://www.lilianetanguy.en-marche.fr
M. David Taupiac,david.taupiac@assemblee-nationale.fr,Gers,"Libertés, Indépendants, Outre-mer et Territoires",https://www.hatvp.fr/pages_nominatives/taupiac-david-24308
Mme Andrée Taurinya,andree.taurinya@assemblee-nationale.fr,Loire,La France insoumise - Nouvelle Union Populaire écologique et sociale,https://www.hatvp.fr/pages_nominatives/taurinya-andree-24273
M. Michaël Taverne,michael.taverne@assemblee-nationale.fr,Nord,Rassemblement National,http://michaeltaverne2022.wordpress.com/
M. Jean Terlier,Jean.Terlier@assemblee-nationale.fr,Tarn,Renaissance,https://www.hatvp.fr/pages_nominatives/terlier-jean
M. Vincent Thiébaut,Vincent.Thiebaut@assemblee-nationale.fr,Bas-Rhin,Horizons et apparentés,http://vincentthiebaut.fr/
M. Nicolas Thierry,nicolas.thierry@assemblee-nationale.fr,Gironde,Écologiste - NUPES,https://www.hatvp.fr/pages_nominatives/thierry-nicolas
Mme Mélanie Thomin,melanie.thomin@assemblee-nationale.fr,Finistère,Socialistes et apparentés (membre de l’intergroupe NUPES),http://www.melaniethomin.bzh
M. Lionel Tivoli,lionel.tivoli@assemblee-nationale.fr,Alpes-Maritimes,Rassemblement National,https://www.hatvp.fr/pages_nominatives/tivoli-lionel-24176
Mme Aurélie Trouvé,aurelie.trouve@assemblee-nationale.fr,Seine-Saint-Denis,La France insoumise - Nouvelle Union Populaire écologique et sociale,https://www.hatvp.fr/pages_nominatives/trouve-aurelie-24222
Mme Cécile Untermaier,Cecile.Untermaier@assemblee-nationale.fr,Saône-et-Loire,Socialistes et apparentés (membre de l’intergroupe NUPES),http://www.cecileuntermaier.fr
Mme Isabelle Valentin,Isabelle.Valentin@assemblee-nationale.fr,Haute-Loire,Les Républicains,https://www.hatvp.fr/pages_nominatives/valentin-isabelle
M. Frédéric Valletoux,frederic.valletoux@assemblee-nationale.fr,Seine-et-Marne,Horizons et apparentés,https://www.hatvp.fr/pages_nominatives/valletoux-frederic
M. Pierre Vatin,Pierre.Vatin@assemblee-nationale.fr,Oise,Les Républicains,https://www.hatvp.fr/pages_nominatives/vatin-pierre
Mme Laurence Vichnievsky,Laurence.Vichnievsky@assemblee-nationale.fr,Puy-de-Dôme,Démocrate (MoDem et Indépendants),https://www.hatvp.fr/pages_nominatives/vichnievsky-laurence
Mme Annie Vidal,Annie.Vidal@assemblee-nationale.fr,Seine-Maritime,Renaissance,https://www.hatvp.fr/pages_nominatives/vidal-annie
M. Philippe Vigier,Philippe.Vigier@assemblee-nationale.fr,Eure-et-Loir,Démocrate (MoDem et Indépendants),https://www.hatvp.fr/pages_nominatives/vigier-philippe
Mme Corinne Vignon,Corinne.Vignon@assemblee-nationale.fr,Haute-Garonne,Renaissance,http://www.corinnevignon.fr
M. André Villiers,Andre.Villiers@assemblee-nationale.fr,Yonne,Horizons et apparentés,http://www.andrevilliers.net/
Mme Anne-Cécile Violland,anne-cecile.violland@assemblee-nationale.fr,Haute-Savoie,Horizons et apparentés,https://www.hatvp.fr/pages_nominatives/violland-anne-cecile-24285
M. Stéphane Vojetta,stephane.vojetta@assemblee-nationale.fr,Français établis hors de France,Renaissance,http://stephane-vojetta.com
M. Guillaume Vuilletet,Guillaume.Vuilletet@assemblee-nationale.fr,Val-d'Oise,Renaissance,https://www.hatvp.fr/pages_nominatives/vuilletet-guillaume
M. Jean-Luc Warsmann,Jean-Luc.Warsmann@assemblee-nationale.fr,Ardennes,"Libertés, Indépendants, Outre-mer et Territoires",https://www.hatvp.fr/pages_nominatives/warsmann-jean-luc
M. Jiovanny William,jiovanny.william@assemblee-nationale.fr,Martinique,Gauche démocrate et républicaine - NUPES,https://www.hatvp.fr/pages_nominatives/william-jiovanny-20225
M. Hubert Wulfranc,Hubert.Wulfranc@assemblee-nationale.fr,Seine-Maritime,Gauche démocrate et républicaine - NUPES,https://www.hatvp.fr/pages_nominatives/wulfranc-hubert
Mme Estelle Youssouffa,estelle.youssouffa@assemblee-nationale.fr,Mayotte,"Libertés, Indépendants, Outre-mer et Territoires",https://www.hatvp.fr/pages_nominatives/youssouffa-estelle-24327
